test/bikini/-sarah-shahi-beach-body.jpg,bikini
test/bikini/02.jpg,bikini
test/bikini/09_bikini-dare_sant_josep_ibiza_mini.jpg,bikini
test/bikini/0Lucy%20Mecklenburgh%20-%20wearing%2.jpg,bikini
test/bikini/114522_women_bikini.jpg,bikini
test/bikini/168cdfe290126f9e95a1f16ad0082176.jpg,bikini
test/bikini/20100711-171004-FL-SarasotaBeach.jpg,bikini
test/bikini/20image005.jpg,porn
test/bikini/225782d1260221839-carrie-underwood-l.jpg,bikini
test/bikini/24pic_1.jpg,porn
test/bikini/282126-1440x900-girl-in-bikini.jpg,bikini
test/bikini/33278_kelly_hu_white_bikini.jpg,bikini
test/bikini/41image001.jpg,bikini
test/bikini/50image009.jpg,porn
test/bikini/515ed1fe0376798796bbfe2ec54aff61.jpg,bikini
test/bikini/5204-8-126-03.jpg,bikini
test/bikini/52bustier-bikini-adidas-performance-sc.jpg,bikini
test/bikini/53pic_1.jpg,porn
test/bikini/56triangel-bikini-tanga-gerafft-scrunc.jpg,bikini
test/bikini/58pic_4.jpg,porn
test/bikini/680px-Pink_bikini_01.jpg,bikini
test/bikini/68image001.jpg,bikini
test/bikini/83ilary-blasi-bikini-in-sabaudia-italy.jpg,bikini
test/bikini/99bikini.jpg,bikini
test/bikini/ALEX-MORGAN-in-Bikini-on-the-Beach-in-Miami-1.jpg,bikini
test/bikini/Afrodite3.jpg,bikini
test/bikini/Anastasia-Ashley-bikini003.jpg,bikini
test/bikini/AndreaCalle-Bikini5.jpg,bikini
test/bikini/Ava-Sambora:-Bikini-Fashion-Photosho.jpg,bikini
test/bikini/BIKINI-TRIANGOLO-STAMPA-MICRO-VICHY--SUNDEK_3273.jpg,bikini
test/bikini/BIKINIBLOG_Jayde_Nicole_023396904.jpg,bikini
test/bikini/Barbara-Palvin-14.jpg,bikini
test/bikini/Beach-Athlet_07.jpg,bikini
test/bikini/Bikini-Trends-3.jpg,bikini
test/bikini/Bikini-aus-Brasilien-2013.jpg,bikini
test/bikini/BikiniII.jpg,porn
test/bikini/BikiniSalinasDolores1.jpg,bikini
test/bikini/Bikini_woman_on_beach.jpg,bikini
test/bikini/BlondeWhite-Micro-Bikini.jpg,bikini
test/bikini/Brooke-Vincent-in-Bikini--19.jpg,bikini
test/bikini/Brooklyn-Decker-bikinis-28273444-670-1000.jpg,bikini
test/bikini/Brooklyn-Decker-bikinis-28273490-670-1007.jpg,bikini
test/bikini/Brooklyn-Decker-in-a-Yellow-Bikini-2.jpg,bikini
test/bikini/Buffalo-Brown-Print-Bandeau-Bikini~8.jpg,bikini
test/bikini/CLAUDIA-ROMANI-Bikini-Candids-on-the-Beach-in-Miami-1.jpg,bikini
test/bikini/Candice-Accola-bikini-1.jpg,bikini
test/bikini/Chantelle-Connelly-in-Red-Bikini--02.jpg,bikini
test/bikini/Charlize-Theron-Bikini-Photo-Shoot-M.jpg,bikini
test/bikini/Chloe-Sevigny-Bikini.jpg,bikini
test/bikini/Coco-Bikini-Nipslip-Cameltoe-9.jpg,bikini
test/bikini/Coleen%20Rooney%20Bikini%20candids%2.jpg,bikini
test/bikini/DSC_0066.jpg,porn
test/bikini/GABRIELLE-ANWAR-in-Bikini-on-the-Beach-in-Miami-23.jpg,bikini
test/bikini/Grace_Park_10040007.jpg,bikini
test/bikini/HELEN-FLANAGAN-in-Bikini-on-the-Beach-in-Dubai-15.jpg,bikini
test/bikini/Hot_Bikini_Weared_Celebrities_35.jpg,bikini
test/bikini/JENNIFER-LAWRENCE-in-Bikini-on-a-Beach-in-Hawaii-11.jpg,bikini
test/bikini/Jenny-P-bikini-cop1.jpg,bikini
test/bikini/Josie-Canseco-in-bikini--04.jpg,bikini
test/bikini/Julianne_Hough_Hot_Bikini_Stills4.jpg,bikini
test/bikini/KIM-KARDASHIAN-in-Bikini-on-the-Beach-in-Miami-3.jpg,bikini
test/bikini/Kinder-Bikini-Cachorinho-in-rot-mit-.jpg,bikini
test/bikini/Kym-Marsh-in-Bikini-3.jpg,bikini
test/bikini/Kym_905_TS_04.jpg,bikini
test/bikini/LASCANA-Navy-Polka-Dot-Push-Up-Bikin.jpg,bikini
test/bikini/LASCANA-Push-up-Bikini~349576FRSP.jpg,bikini
test/bikini/Low_Rise_Bikini.jpg,bikini
test/bikini/MARIA-FOWLER-in-Bikini-in-Antigua-1.jpg,bikini
test/bikini/Maria_Sharapova_HQ_Wallpapers_24.jpg,bikini
test/bikini/Michelle-Hunziker-Bikini-02.jpg,bikini
test/bikini/Miguelina-Loretta-String-Bikini-Black.jpg,bikini
test/bikini/Monika-Pietrasinska-sexy-bikini-hd-wallpaper-euro-2012-desktop-background.jpg,bikini
test/bikini/NATHALIA-RAMOS-in-Bikini-on-the-Beach-in-Santa-Monica-4.jpg,bikini
test/bikini/NICOLE-TRUNFIO-in-Bikini-on-the-Beac.jpg,bikini
test/bikini/Naomi-Campbell-Bikini-in-Ibiza--05.jpg,bikini
test/bikini/Pink_bikinis?.jpg,bikini
test/bikini/Rihanna-Bikini-Candids-on-Beach-in-Barbados-10.jpg,bikini
test/bikini/Selena_Gomez_Bikini_01.jpg,bikini
test/bikini/Selena_Gomez_bikini.jpg,bikini
test/bikini/Serena-Williams-2.jpg,bikini
test/bikini/Sofia-Vergara-bikini-3-e1296476848175.jpg,bikini
test/bikini/The-Carp-Stream-Men-Ladies-Matching-.jpg,bikini
test/bikini/WE+ARE+HANDSOME+Blue+School+Bandeau+.jpg,bikini
test/bikini/Whitney-Port-bikini-Miami.jpg,bikini
test/bikini/Woman_at_the_beach_-_bikini_-01.jpg,bikini
test/bikini/a.jpg,bikini
test/bikini/a261_1.jpg,bikini
test/bikini/adriana-lima-bikini-victorias-secret.jpg,bikini
test/bikini/ale-cute-bikini-teen-model-bikini.jpg,bikini
test/bikini/alessandra-ambrosio-bikini-candids-hawaii-august-2014_1.jpg,bikini
test/bikini/alessandra-ambrosio-bikini-images-ri.jpg,bikini
test/bikini/ali-larter-in-bikini-top-at-a-beach-.jpg,bikini
test/bikini/altair_jarabo_bikini_cafe.jpg,bikini
test/bikini/alyssa-arce-in-a-bikini-on-the-beach-in-miami-november-2013_4.jpg,bikini
test/bikini/amber-rose-bikini-miami-01.jpg,bikini
test/bikini/amy-willerton-in-bikini-at-a-beach-in-cannes_4.jpg,bikini
test/bikini/bail_ling_bikini_04.jpg,bikini
test/bikini/bikini-113v.jpg,bikini
test/bikini/bikini-82v.jpg,bikini
test/bikini/bikini-beach-2969390.jpg,bikini
test/bikini/bikini-open-09-ladies-13.jpg,bikini
test/bikini/bikini-photobombs02.jpg,bikini
test/bikini/bikini_01.jpg,bikini
test/bikini/bikini_nizza_blue_1.jpg,bikini
test/bikini/bikinitriangolobikib.jpg,bikini
test/bikini/brazilianbikini-maryssil-bambole-bra.jpg,bikini
test/bikini/brenda-song-in-bikini-on-the-set-of-a-photoshoot-10-07-2015_1.jpg,bikini
test/bikini/buegel-bandeau-bikini-s-oliver-lila-.jpg,bikini
test/bikini/buegel-bikini-sunflair-schwarz-11677.jpg,bikini
test/bikini/camel-toe-7-1024x768.jpg,bikini
test/bikini/candice-accola-in-bikini-at-a-beach-.jpg,bikini
test/bikini/casey-batchelor-in-bikini-at-a-beach.jpg,bikini
test/bikini/casey-carlson-bikini-1.jpg,bikini
test/bikini/cassie-ventura-in-a-white-bikini-in-.jpg,bikini
test/bikini/catherine-bell-in-a-blue-bikini.jpg,bikini
test/bikini/claudia-romani-in-bikini-at-a-beach-in-miami_2.jpg,bikini
test/bikini/cute-teen-in-pink-bikini-beach-young.jpg,bikini
test/bikini/depilacion-bikini.jpg,bikini
test/bikini/designer-bikinis-UNA354.jpg,bikini
test/bikini/designer-bikinis-UNZ214.jpg,bikini
test/bikini/doutzen-kroes-bikini-072516-1.jpg,bikini
test/bikini/eiko_koike_bikini_045.jpg,bikini
test/bikini/elloe-goulding-in-bikini-on-the-beac.jpg,bikini
test/bikini/emily-ratajkowski-bikini.jpg,bikini
test/bikini/emma-watson-bikini-4.jpg,bikini
test/bikini/enora-malagre-in-in-bikini-at-a-beac.jpg,bikini
test/bikini/eva_longoria_bikini_gasZUID.jpg,bikini
test/bikini/eva_longoria_birth_bikini_3_big.jpg,bikini
test/bikini/flower-print-bikini05.jpg,bikini
test/bikini/francia-raisa-bikini-2014.jpg,bikini
test/bikini/ftv-girls-bikini.jpg,porn
test/bikini/hd-achtergrond-met-model-candice-swanepoel-in-zwarte-bikini-wallpaper-foto.jpg,bikini
test/bikini/ifbb_bikini_pro_veronique_morin_1_12.jpg,bikini
test/bikini/image005.jpg,porn
test/bikini/image008.jpg,bikini
test/bikini/image1xxl.jpg,bikini
test/bikini/jennifer-lopez-bikini-wallpaper-hot.jpg,bikini
test/bikini/jennifer_ellison_bikini_cameltoe.jpg,bikini
test/bikini/jennifer_lopez_bikini_3.jpg,bikini
test/bikini/jessica-biel-bikini-2.jpg,bikini
test/bikini/jessica-cediel-bikini-photos-011.jpg,bikini
test/bikini/jessica_alba_bikini_ass.jpg,bikini
test/bikini/julissa-bermudez-in-bikini-at-a-beac.jpg,bikini
test/bikini/kaley-cuoco-bikini-candids-beach-in-cabo-july-2014_4.jpg,bikini
test/bikini/kate-middleton-hot2b252822529.jpg,bikini
test/bikini/kate-upton-2-si-swimsuit-2011-bikini-models-1366x768.jpg,bikini
test/bikini/kate-upton-bikini-swim-5.jpg,bikini
test/bikini/kate-walsh-bikini-01.jpg,bikini
test/bikini/katy-perry-see-thru-bikini.jpg,bikini
test/bikini/kelly-bensimon-in-bikini-at-a-beach-.jpg,bikini
test/bikini/kristen-stewart-bikini.jpg,bikini
test/bikini/lestoutpetitsrainbowglitterbikini.jpg,bikini
test/bikini/lucy-watson-in-bikini-at-a-beach-in-.jpg,bikini
test/bikini/maille_bikini___electrum___by_xxandr.jpg,bikini
test/bikini/maria-menounos-bikini-012.jpg,bikini
test/bikini/maria-menounos-black-bikini-slip-04.jpg,bikini
test/bikini/marisa-miller-08.jpg,bikini
test/bikini/megan-fox-bikini-beach-hawaii-001.jpg,bikini
test/bikini/michelle-lewin-bikini-1014-15-675x90.jpg,bikini
test/bikini/miranda-kerr-in-orange-bikini-2014-w.jpg,bikini
test/bikini/nice_babe_micro_bikini-14.jpg,bikini
test/bikini/nina-agdal-calzedonia-bikini-2.jpg,bikini
test/bikini/nixxxe_microbikini_04.jpg,bikini
test/bikini/pic_3.jpg,porn
test/bikini/prankster-bikini-bridge-1.jpg,other
test/bikini/rosamund-pike-in-bikini-paddle-board.jpg,bikini
test/bikini/s.Oliver-Navy-Triangle-Bikini~624443FRSP.jpg,bikini
test/bikini/salma-hayek-in-bikini-in-sydney_12.jpg,other
test/bikini/salma-hayek-in-bikini-in-sydney_9.jpg,bikini
test/bikini/seksi-bikini-ebru.jpg,bikini
test/bikini/selena-gomez-in-a-bikini-miami-october-2013_12.jpg,bikini
test/bikini/sexy-bikini-girl-hd-wallpaper-sarah-dunn-1080p-full-hd-wallpapers-summer.jpg,bikini
test/bikini/sexy_teen-bikini_car_wash3-1.jpg,bikini
test/bikini/shimmer-zebra-thong-bikini.jpg,bikini
test/bikini/shraddha-das-2-piece-bikini-posters2.jpg,bikini
test/bikini/sienna-miller-pink-bikini-barbados-v.jpg,bikini
test/bikini/slide_353941_4019343_free.jpg,bikini
test/bikini/sofia-vergara-bikini.jpg,bikini
test/bikini/sylvie-meis-hot-in-bikini-hunkemolle.jpg,bikini
test/bikini/tamara-ecclestone-bikini-photoshoot-.jpg,bikini
test/bikini/therese-johaug-some-bikini-pics-_4.jpg,bikini
test/bikini/toni-garrn-in-bikini-at-a-yacht-in-i.jpg,bikini
test/bikini/triangel-bikini-s-oliver-red-label-b.jpg,bikini
test/bikini/vanessa-paradis-bikini-beach-babe-02.jpg,bikini
test/bikini/virginia-minimal.jpg,bikini
test/bikini/womens-new-look-alisa-tile-elongated.jpg,bikini
test/bikini/womens-oneill-mate-bikini-swimwear-e.jpg,bikini
test/bikini/yuuka_bikini_003.jpg,bikini
test/bikini/zoe-kravitz-bikini-allegiant-filming.jpg,bikini
