test/other/0003.jpg,other
test/other/0013_solaris_201002110_2013092710544.jpg,other
test/other/0022-nggid03231-ngg0dyn-0x0x100-00f0.jpg,other
test/other/01-Sand-Stone.jpg,other
test/other/01.jpg,other
test/other/0101-Family-beach-portrait-photograp.jpg,other
test/other/041.jpg,other
test/other/06Perth-Beach-Family-Photography1.jpg,other
test/other/0714e7bb1566441fe3596dd50e156a25.jpg,other
test/other/0julianne-moore-family-beach-day-in-m.jpg,bikini
test/other/100427-Hawaii_Maui_Family_Portrait-1.jpg,other
test/other/1016396463cd16f95ee4e038d10cf9f9.jpg,other
test/other/11.jpg,bikini
test/other/11098657_405361932968668_1874748640_.jpg,sexyselfie
test/other/11349303_1075750549142623_1904101280_n.jpg,other
test/other/11349303_1500847003578196_846133125_n.jpg,other
test/other/11753742-happy-smiling-underwater-ch.jpg,other
test/other/117_The-Best-Family-Beach-Portraits-.jpg,other
test/other/12132673_145630065799319_680428970_n.jpg,other
test/other/12142590_845947265504123_1819091203_n.jpg,other
test/other/12237227_439477969590835_1634731500_n.jpg,other
test/other/12256622_1028465893901263_1434634562_n.jpg,other
test/other/12256726_601558449992548_1291534019_n.jpg,other
test/other/12256789_1692409137644000_694723719_n.jpg,other
test/other/12256842_909124955801408_696324091_n.jpg,other
test/other/12269729_1692419967661561_1985815026_n.jpg,other
test/other/12269781_153509898339202_545909593_n.jpg,other
test/other/12269991_134940353538715_233162621_n.jpg,other
test/other/12277016_916233885078510_1532242990_n.jpg,other
test/other/12277026_1635231453395685_230591967_n.jpg,other
test/other/12277398_469791663216403_828679405_n.jpg,other
test/other/12277405_523434704492408_158063354_n.jpg,other
test/other/12277445_933901103312196_1476842590_n.jpg,sexyselfie
test/other/12277469_1650723831834065_241208594_n.jpg,other
test/other/12277499_1040313526019539_1319245539_n.jpg,other
test/other/12277569_1702805763271884_1718218177_n.jpg,other
test/other/12277578_1494708414192466_1564011993_n.jpg,other
test/other/12292612_151986731824873_428023758_n.jpg,other
test/other/12292775_548756355276893_886321514_n.jpg,other
test/other/12298817_970440836396488_643778453_n.jpg,other
test/other/12298864_912831452119829_992881071_n.jpg,other
test/other/12298888_936264473125043_543248697_n.jpg,other
test/other/12299016_1652839658318557_1154559133_n.jpg,other
test/other/12299056_452939454889933_1250983122_n.jpg,other
test/other/12299067_410497582493389_646749923_n.jpg,other
test/other/12301219_696015863831528_1672727492_n.jpg,other
test/other/12301393_1677594812453078_1006072965_n.jpg,other
test/other/12317341_950223481735415_1996973263_n.jpg,other
test/other/12317366_977987772259698_1907052617_n.jpg,other
test/other/12317454_1222824007732772_725551779_n.jpg,other
test/other/12317582_763460377113603_963271200_n.jpg,other
test/other/12317771_940627172684650_2052553126_n.jpg,other
test/other/12327949_1617249041872106_537097829_n.jpg,other
test/other/12328148_750436741753797_864161597_n.jpg,other
test/other/12328330_1523020838010276_1234308945_n.jpg,other
test/other/12331742_810267982417889_1032304283_n.jpg,other
test/other/12338589_1527006427610440_1254471485_n.jpg,other
test/other/12338595_1496538780675624_645425170_n.jpg,other
test/other/12338619_1523623054614595_838389429_n.jpg,other
test/other/12338634_1657016867902835_1410217810_n.jpg,other
test/other/12338664_1702881279959232_2092742572_n.jpg,other
test/other/12338859_912728505489772_1741608452_n.jpg,other
test/other/12338966_939223102780147_12826558_n.jpg,sexyselfie
test/other/12345703_1679928502263797_1793088868_n.jpg,other
test/other/12345752_1052510721447583_1174706909_n.jpg,other
test/other/12345875_509935642520985_2041471563_n.jpg,other
test/other/12345886_437738016424971_772953798_n.jpg,sexyselfie
test/other/12345897_1052423914821294_1416465046_n.jpg,sexyselfie
test/other/12345946_422592734609603_247953024_n.jpg,other
test/other/12selfie.jpg,other
test/other/13young-man-sitting-beach-laptop-15241.jpg,other
test/other/14028680617_2b35d8fe8e_z.jpg,other
test/other/140306-pilot-selfie-730a_bceb141bca6.jpg,other
test/other/1505492_1430280360538500_1108337963_.jpg,sexyselfie
test/other/150708-risky-selfie-jpo-1240a_f5a130.jpg,other
test/other/15611513407_e2092bbf46_z.jpg,other
test/other/16.-KKK.jpg,other
test/other/1695776-couple-sitting-back-to-back-.jpg,other
test/other/1774515-romantic-couple-sitting-on-t.jpg,other
test/other/19URBAN1-articleLarge-v2.jpg,other
test/other/1St-Augustine-Florida-Family-Beach-Ph.jpg,other
test/other/2014-03-04-17-33-03.png,other
test/other/20140113_120113.jpg,sexyselfie
test/other/212111_0075T_Awsome-Family-Photograp.jpg,other
test/other/2258558-two-kids-playing-on-sand-bea.jpg,porn
test/other/226279.jpg,other
test/other/22d0c991b7251bc25a6d78900cb07d01.jpg,other
test/other/22selfie5.jpg,other
test/other/251403.jpg,other
test/other/25659264230_68e2cf8eeb_m.jpg,other
test/other/27811279-BLUE-LAKE-KRABI-APR-24-Peop.jpg,other
test/other/2894E33E00000578-3078178-image-m-90_.jpg,other
test/other/29290069850_7fdda9f024_m.jpg,other
test/other/2DBA0E9B00000578-3298544-He_made_his.jpg,other
test/other/2a8a6d14195e800e21d58d25c96d6e4a.jpg,other
test/other/33Hot_Drew_Barrymore_Sitting_in_Beach.jpg,other
test/other/34madonnas-kids-frolick-the-beach-in-t.jpg,other
test/other/3750552570_e1f215ac69.jpg,other
test/other/40selfie.jpg,other
test/other/419022-taylor-swift-taylor-sitting-o.jpg,other
test/other/4777885879_c736611272_z.jpg,other
test/other/47Selfie.jpg,other
test/other/4d2614b28321cf4efb8736c91103a3ab.jpg,other
test/other/5-Family-beach-essentials.jpg,other
test/other/50f036f0-400d-11e4-8597-8db6abcd25b7_cher-lloyd-up-close-selfie.jpg,other
test/other/519db5cd5eb01135f8edd67d84114431.jpg,other
test/other/5251541_orig.jpg,other
test/other/5380301202_56f1278c8c_z.jpg,other
test/other/57Family-vacation.jpg,other
test/other/66orange-beach-alabama-beach-portrait-.jpg,other
test/other/6864-.jpg,other
test/other/6caee97a53732d563840858698e1ec4c.jpg,sexyselfie
test/other/6selfie.jpg,other
test/other/71sad-girl-alone-sitting-in-beach-watc.jpg,other
test/other/72family-beach-photo.jpg,other
test/other/75family-beach.jpg,other
test/other/75public-swimming-pool.jpg,other
test/other/76Hawaii-Sandy-Beach-Family-Photograph.jpg,other
test/other/7773e1ea66711c371e353554d6136004.jpg,other
test/other/7c3de6e25b5a6c571524e247aad71aec.jpg,other
test/other/82man-dog-sitting-beach-rear-view-3389.jpg,other
test/other/841bb751e436371881475e87898204bc.jpg,other
test/other/8607079540_c9ddd35941_z.jpg,sexyselfie
test/other/8627314928_60ec33fdf8_z.jpg,other
test/other/88family-having-fun-beach-four-tropica.jpg,other
test/other/9074856037_c070f8eabd_b.jpg,other
test/other/9274e9e3f611bbc498b412f4e04e2b49.jpg,other
test/other/936full-lass-suicide.jpg,sexyselfie
test/other/97selfie-totti.jpg,other
test/other/9e16c159726353e04fde50586de88d2f.jpg,other
test/other/9f7b48e991c426bd25bb17b79cc8828f.jpg,other
test/other/AG020310_01-500x749.jpg,bikini
test/other/Bb9tfr4.jpg,other
test/other/BdJ47NJCYAALiX3.jpg,other
test/other/Beach-Painting-The-Swimmers-by-Jan-M.jpg,other
test/other/Beach_Family_Photos_Phillip_Island00.jpg,other
test/other/Beyonce_photobombs_selfie_.jpg,other
test/other/Bondi-Beach-31100.jpg,other
test/other/C808Rqg.jpg,other
test/other/CIMG0033_zpsqq1zlnja.jpg,other
test/other/CIMG1214.jpg,other
test/other/COCO_train2014_000000000308.jpg,other
test/other/COCO_train2014_000000000309.jpg,other
test/other/COCO_train2014_000000000595.jpg,other
test/other/COCO_train2014_000000000605.jpg,other
test/other/COCO_train2014_000000000612.jpg,other
test/other/COCO_train2014_000000000821.jpg,other
test/other/COCO_train2014_000000000825.jpg,other
test/other/COCO_train2014_000000000908.jpg,other
test/other/COCO_train2014_000000000982.jpg,other
test/other/COCO_train2014_000000001036.jpg,other
test/other/COCO_train2014_000000001271.jpg,other
test/other/COCO_train2014_000000001526.jpg,other
test/other/COCO_train2014_000000001589.jpg,other
test/other/COCO_train2014_000000001611.jpg,other
test/other/COCO_train2014_000000001771.jpg,other
test/other/COCO_train2014_000000001926.jpg,other
test/other/COCO_train2014_000000002279.jpg,other
test/other/COCO_train2014_000000002284.jpg,other
test/other/COCO_train2014_000000002459.jpg,other
test/other/COCO_train2014_000000002559.jpg,other
test/other/COCO_train2014_000000002560.jpg,other
test/other/COCO_train2014_000000002658.jpg,other
test/other/COCO_train2014_000000002770.jpg,other
test/other/COCO_train2014_000000002843.jpg,other
test/other/COCO_train2014_000000002964.jpg,other
test/other/COCO_train2014_000000003008.jpg,other
test/other/COCO_train2014_000000003220.jpg,other
test/other/COCO_train2014_000000003276.jpg,other
test/other/COCO_train2014_000000004441.jpg,other
test/other/COCO_train2014_000000004517.jpg,other
test/other/COCO_train2014_000000004571.jpg,other
test/other/COCO_train2014_000000004809.jpg,other
test/other/COCO_train2014_000000004901.jpg,other
test/other/COCO_train2014_000000005180.jpg,other
test/other/COCO_train2014_000000005326.jpg,other
test/other/COCO_train2014_000000005335.jpg,other
test/other/COCO_train2014_000000005424.jpg,sexyselfie
test/other/COCO_train2014_000000005715.jpg,other
test/other/COCO_train2014_000000005785.jpg,other
test/other/COCO_train2014_000000005946.jpg,other
test/other/COCO_train2014_000000006066.jpg,other
test/other/COCO_train2014_000000006068.jpg,other
test/other/COCO_train2014_000000006426.jpg,other
test/other/COCO_train2014_000000006491.jpg,other
test/other/COCO_train2014_000000006599.jpg,other
test/other/COCO_train2014_000000006744.jpg,other
test/other/COCO_train2014_000000006773.jpg,other
test/other/COCO_train2014_000000006800.jpg,other
test/other/COCO_train2014_000000006981.jpg,other
test/other/COCO_train2014_000000006996.jpg,other
test/other/COCO_train2014_000000007022.jpg,other
test/other/COCO_train2014_000000007028.jpg,other
test/other/COCO_train2014_000000007049.jpg,other
test/other/COCO_train2014_000000007129.jpg,other
test/other/COCO_train2014_000000007476.jpg,other
test/other/COCO_train2014_000000007517.jpg,other
test/other/COCO_train2014_000000007558.jpg,other
test/other/COCO_train2014_000000007567.jpg,other
test/other/COCO_train2014_000000007584.jpg,other
test/other/COCO_train2014_000000007594.jpg,other
test/other/COCO_train2014_000000007642.jpg,other
test/other/COCO_train2014_000000007713.jpg,other
test/other/COCO_train2014_000000007740.jpg,other
test/other/COCO_train2014_000000008027.jpg,other
test/other/COCO_train2014_000000008063.jpg,other
test/other/COCO_train2014_000000008066.jpg,other
test/other/COCO_train2014_000000008095.jpg,other
test/other/COCO_train2014_000000008571.jpg,other
test/other/COCO_train2014_000000008595.jpg,other
test/other/COCO_train2014_000000008813.jpg,other
test/other/COCO_train2014_000000008958.jpg,other
test/other/COCO_train2014_000000009060.jpg,other
test/other/COCO_train2014_000000009091.jpg,other
test/other/COCO_train2014_000000009185.jpg,other
test/other/COCO_train2014_000000009253.jpg,other
test/other/COCO_train2014_000000009287.jpg,other
test/other/COCO_train2014_000000009372.jpg,other
test/other/COCO_train2014_000000009398.jpg,other
test/other/COCO_train2014_000000009539.jpg,other
test/other/COCO_train2014_000000009673.jpg,other
test/other/COCO_train2014_000000009778.jpg,other
test/other/COCO_train2014_000000009797.jpg,other
test/other/COCO_train2014_000000009843.jpg,other
test/other/COCO_train2014_000000009983.jpg,other
test/other/COCO_train2014_000000010161.jpg,other
test/other/COCO_train2014_000000010241.jpg,other
test/other/COCO_train2014_000000010276.jpg,other
test/other/COCO_train2014_000000010319.jpg,other
test/other/COCO_train2014_000000010327.jpg,other
test/other/COCO_train2014_000000010403.jpg,other
test/other/COCO_train2014_000000010444.jpg,other
test/other/COCO_train2014_000000010471.jpg,other
test/other/COCO_train2014_000000010566.jpg,other
test/other/COCO_train2014_000000010627.jpg,other
test/other/COCO_train2014_000000010655.jpg,other
test/other/COCO_train2014_000000010710.jpg,other
test/other/COCO_train2014_000000010727.jpg,other
test/other/COCO_train2014_000000010769.jpg,other
test/other/COCO_train2014_000000010981.jpg,other
test/other/COCO_train2014_000000011015.jpg,other
test/other/COCO_train2014_000000011227.jpg,bikini
test/other/COCO_train2014_000000011282.jpg,other
test/other/COCO_train2014_000000011349.jpg,other
test/other/COCO_train2014_000000011605.jpg,other
test/other/COCO_train2014_000000011723.jpg,other
test/other/COCO_train2014_000000011849.jpg,other
test/other/COCO_train2014_000000012315.jpg,other
test/other/COCO_train2014_000000012484.jpg,other
test/other/COCO_train2014_000000012556.jpg,other
test/other/COCO_train2014_000000012805.jpg,other
test/other/COCO_train2014_000000013129.jpg,other
test/other/COCO_train2014_000000013352.jpg,other
test/other/COCO_train2014_000000013529.jpg,other
test/other/COCO_train2014_000000013568.jpg,other
test/other/COCO_train2014_000000013844.jpg,other
test/other/COCO_train2014_000000013934.jpg,other
test/other/COCO_train2014_000000013949.jpg,other
test/other/COCO_train2014_000000013979.jpg,other
test/other/COCO_train2014_000000014083.jpg,other
test/other/COCO_train2014_000000014128.jpg,other
test/other/COCO_train2014_000000014152.jpg,other
test/other/COCO_train2014_000000014203.jpg,other
test/other/COCO_train2014_000000014385.jpg,other
test/other/COCO_train2014_000000014388.jpg,other
test/other/COCO_train2014_000000014396.jpg,other
test/other/COCO_train2014_000000014430.jpg,other
test/other/COCO_train2014_000000014453.jpg,other
test/other/COCO_train2014_000000014468.jpg,other
test/other/COCO_train2014_000000014676.jpg,other
test/other/COCO_train2014_000000014812.jpg,other
test/other/COCO_train2014_000000015016.jpg,other
test/other/COCO_train2014_000000015198.jpg,other
test/other/COCO_train2014_000000015220.jpg,other
test/other/COCO_train2014_000000015257.jpg,other
test/other/COCO_train2014_000000015302.jpg,other
test/other/COCO_train2014_000000015374.jpg,other
test/other/COCO_train2014_000000015582.jpg,other
test/other/COCO_train2014_000000015588.jpg,other
test/other/COCO_train2014_000000015823.jpg,other
test/other/COCO_train2014_000000016113.jpg,other
test/other/COCO_train2014_000000016183.jpg,other
test/other/COCO_train2014_000000016188.jpg,other
test/other/COCO_train2014_000000016233.jpg,other
test/other/COCO_train2014_000000016290.jpg,other
test/other/COCO_train2014_000000016343.jpg,other
test/other/COCO_train2014_000000016361.jpg,other
test/other/COCO_train2014_000000016383.jpg,other
test/other/COCO_train2014_000000016412.jpg,other
test/other/COCO_train2014_000000016701.jpg,other
test/other/COCO_train2014_000000017105.jpg,other
test/other/COCO_train2014_000000017170.jpg,other
test/other/COCO_train2014_000000017320.jpg,other
test/other/COCO_train2014_000000017345.jpg,other
test/other/COCO_train2014_000000017463.jpg,other
test/other/COCO_train2014_000000017582.jpg,other
test/other/COCO_train2014_000000017600.jpg,other
test/other/COCO_train2014_000000017761.jpg,other
test/other/COCO_train2014_000000017936.jpg,other
test/other/COCO_train2014_000000017985.jpg,other
test/other/COCO_train2014_000000017997.jpg,other
test/other/COCO_train2014_000000018075.jpg,other
test/other/COCO_train2014_000000018127.jpg,other
test/other/COCO_train2014_000000018256.jpg,other
test/other/COCO_train2014_000000018385.jpg,other
test/other/COCO_train2014_000000018394.jpg,other
test/other/COCO_train2014_000000018425.jpg,other
test/other/COCO_train2014_000000018513.jpg,other
test/other/COCO_train2014_000000018584.jpg,other
test/other/COCO_train2014_000000018670.jpg,other
test/other/COCO_train2014_000000018866.jpg,other
test/other/COCO_train2014_000000019194.jpg,other
test/other/COCO_train2014_000000019349.jpg,other
test/other/COCO_train2014_000000019397.jpg,other
test/other/COCO_train2014_000000019501.jpg,bikini
test/other/COCO_train2014_000000019528.jpg,other
test/other/COCO_train2014_000000019609.jpg,other
test/other/COCO_train2014_000000019754.jpg,other
test/other/COCO_train2014_000000020052.jpg,other
test/other/COCO_train2014_000000020417.jpg,other
test/other/COCO_train2014_000000020444.jpg,other
test/other/COCO_train2014_000000020475.jpg,other
test/other/COCO_train2014_000000020556.jpg,other
test/other/COCO_train2014_000000020561.jpg,other
test/other/COCO_train2014_000000020583.jpg,other
test/other/COCO_train2014_000000020677.jpg,other
test/other/COCO_train2014_000000020702.jpg,other
test/other/COCO_train2014_000000020818.jpg,other
test/other/COCO_train2014_000000020849.jpg,other
test/other/COCO_train2014_000000021020.jpg,other
test/other/COCO_train2014_000000021151.jpg,other
test/other/COCO_train2014_000000021246.jpg,other
test/other/COCO_train2014_000000021248.jpg,other
test/other/COCO_train2014_000000021254.jpg,other
test/other/COCO_train2014_000000021268.jpg,other
test/other/COCO_train2014_000000021531.jpg,other
test/other/COCO_train2014_000000021535.jpg,other
test/other/COCO_train2014_000000021595.jpg,other
test/other/COCO_train2014_000000021662.jpg,other
test/other/COCO_train2014_000000021750.jpg,other
test/other/COCO_train2014_000000021786.jpg,other
test/other/COCO_train2014_000000021846.jpg,other
test/other/COCO_train2014_000000021895.jpg,other
test/other/COCO_train2014_000000022222.jpg,other
test/other/COCO_train2014_000000022256.jpg,other
test/other/COCO_train2014_000000022270.jpg,other
test/other/COCO_train2014_000000022482.jpg,other
test/other/COCO_train2014_000000022518.jpg,other
test/other/COCO_train2014_000000022658.jpg,other
test/other/COCO_train2014_000000022857.jpg,other
test/other/COCO_train2014_000000022879.jpg,other
test/other/COCO_train2014_000000023050.jpg,other
test/other/COCO_train2014_000000023162.jpg,other
test/other/COCO_train2014_000000023355.jpg,other
test/other/COCO_train2014_000000023368.jpg,other
test/other/COCO_train2014_000000023591.jpg,other
test/other/COCO_train2014_000000023641.jpg,other
test/other/COCO_train2014_000000023648.jpg,other
test/other/COCO_train2014_000000023677.jpg,other
test/other/COCO_train2014_000000023927.jpg,other
test/other/COCO_train2014_000000023949.jpg,other
test/other/COCO_train2014_000000023996.jpg,other
test/other/COCO_train2014_000000024020.jpg,other
test/other/COCO_train2014_000000024081.jpg,other
test/other/COCO_train2014_000000024290.jpg,other
test/other/COCO_train2014_000000024411.jpg,other
test/other/COCO_train2014_000000024416.jpg,other
test/other/COCO_train2014_000000024571.jpg,other
test/other/COCO_train2014_000000024787.jpg,other
test/other/COCO_train2014_000000024971.jpg,other
test/other/COCO_train2014_000000024972.jpg,other
test/other/COCO_train2014_000000025167.jpg,other
test/other/COCO_train2014_000000025377.jpg,other
test/other/COCO_train2014_000000025727.jpg,other
test/other/COCO_train2014_000000025755.jpg,other
test/other/COCO_train2014_000000026007.jpg,other
test/other/COCO_train2014_000000026171.jpg,other
test/other/COCO_train2014_000000026208.jpg,other
test/other/COCO_train2014_000000026488.jpg,other
test/other/COCO_train2014_000000026576.jpg,other
test/other/COCO_train2014_000000026728.jpg,other
test/other/COCO_train2014_000000026958.jpg,other
test/other/COCO_train2014_000000027063.jpg,other
test/other/COCO_train2014_000000027074.jpg,other
test/other/COCO_train2014_000000027237.jpg,other
test/other/COCO_train2014_000000027241.jpg,other
test/other/COCO_train2014_000000027439.jpg,other
test/other/COCO_train2014_000000027452.jpg,other
test/other/COCO_train2014_000000027504.jpg,other
test/other/COCO_train2014_000000027725.jpg,other
test/other/COCO_train2014_000000027742.jpg,other
test/other/COCO_train2014_000000027859.jpg,other
test/other/COCO_train2014_000000027901.jpg,other
test/other/COCO_train2014_000000028069.jpg,other
test/other/COCO_train2014_000000028186.jpg,other
test/other/COCO_train2014_000000028480.jpg,other
test/other/COCO_train2014_000000028560.jpg,other
test/other/COCO_train2014_000000028576.jpg,other
test/other/COCO_train2014_000000028662.jpg,other
test/other/COCO_train2014_000000028750.jpg,other
test/other/COCO_train2014_000000028914.jpg,other
test/other/COCO_train2014_000000028930.jpg,other
test/other/COCO_train2014_000000028961.jpg,other
test/other/COCO_train2014_000000029014.jpg,other
test/other/COCO_train2014_000000029161.jpg,other
test/other/COCO_train2014_000000029457.jpg,other
test/other/COCO_train2014_000000029564.jpg,other
test/other/COCO_train2014_000000029592.jpg,other
test/other/COCO_train2014_000000029642.jpg,other
test/other/COCO_train2014_000000030038.jpg,other
test/other/COCO_train2014_000000030151.jpg,other
test/other/COCO_train2014_000000030764.jpg,other
test/other/COCO_train2014_000000030855.jpg,other
test/other/COCO_train2014_000000031081.jpg,other
test/other/COCO_train2014_000000031084.jpg,other
test/other/COCO_train2014_000000031112.jpg,other
test/other/COCO_train2014_000000031142.jpg,other
test/other/COCO_train2014_000000031734.jpg,other
test/other/COCO_train2014_000000031752.jpg,other
test/other/COCO_train2014_000000031926.jpg,other
test/other/COCO_train2014_000000032134.jpg,other
test/other/COCO_train2014_000000032270.jpg,other
test/other/COCO_train2014_000000032386.jpg,other
test/other/COCO_train2014_000000032646.jpg,other
test/other/COCO_train2014_000000032704.jpg,other
test/other/COCO_train2014_000000032937.jpg,other
test/other/COCO_train2014_000000032948.jpg,other
test/other/COCO_train2014_000000033068.jpg,other
test/other/COCO_train2014_000000033126.jpg,other
test/other/COCO_train2014_000000033300.jpg,other
test/other/COCO_train2014_000000033386.jpg,other
test/other/COCO_train2014_000000033416.jpg,other
test/other/COCO_train2014_000000033417.jpg,other
test/other/COCO_train2014_000000033429.jpg,other
test/other/COCO_train2014_000000033912.jpg,other
test/other/COCO_train2014_000000033946.jpg,other
test/other/COCO_train2014_000000033955.jpg,other
test/other/COCO_train2014_000000033991.jpg,other
test/other/COCO_train2014_000000034086.jpg,other
test/other/COCO_train2014_000000034223.jpg,other
test/other/COCO_train2014_000000034304.jpg,other
test/other/COCO_train2014_000000034387.jpg,other
test/other/COCO_train2014_000000034397.jpg,other
test/other/COCO_train2014_000000034570.jpg,other
test/other/COCO_train2014_000000034579.jpg,other
test/other/COCO_train2014_000000034824.jpg,other
test/other/COCO_train2014_000000034825.jpg,other
test/other/COCO_train2014_000000034835.jpg,other
test/other/COCO_train2014_000000034837.jpg,other
test/other/COCO_train2014_000000034938.jpg,other
test/other/COCO_train2014_000000035107.jpg,other
test/other/COCO_train2014_000000035128.jpg,other
test/other/COCO_train2014_000000035156.jpg,other
test/other/COCO_train2014_000000035642.jpg,other
test/other/COCO_train2014_000000035696.jpg,other
test/other/COCO_train2014_000000035884.jpg,other
test/other/COCO_train2014_000000035907.jpg,other
test/other/COCO_train2014_000000035961.jpg,other
test/other/COCO_train2014_000000036281.jpg,other
test/other/COCO_train2014_000000036322.jpg,other
test/other/COCO_train2014_000000036382.jpg,other
test/other/COCO_train2014_000000036498.jpg,other
test/other/COCO_train2014_000000036544.jpg,other
test/other/COCO_train2014_000000036605.jpg,other
test/other/COCO_train2014_000000036748.jpg,other
test/other/COCO_train2014_000000036796.jpg,other
test/other/COCO_train2014_000000036850.jpg,other
test/other/COCO_train2014_000000037011.jpg,other
test/other/COCO_train2014_000000037125.jpg,other
test/other/COCO_train2014_000000037165.jpg,other
test/other/COCO_train2014_000000037174.jpg,other
test/other/COCO_train2014_000000037336.jpg,other
test/other/COCO_train2014_000000037394.jpg,other
test/other/COCO_train2014_000000037458.jpg,other
test/other/COCO_train2014_000000037595.jpg,other
test/other/COCO_train2014_000000037789.jpg,other
test/other/COCO_train2014_000000037823.jpg,other
test/other/COCO_train2014_000000037843.jpg,other
test/other/COCO_train2014_000000037953.jpg,other
test/other/COCO_train2014_000000038000.jpg,other
test/other/COCO_train2014_000000038152.jpg,other
test/other/COCO_train2014_000000038274.jpg,other
test/other/COCO_train2014_000000038290.jpg,other
test/other/COCO_train2014_000000038532.jpg,other
test/other/COCO_train2014_000000038552.jpg,other
test/other/COCO_train2014_000000038616.jpg,other
test/other/COCO_train2014_000000038748.jpg,other
test/other/COCO_train2014_000000038801.jpg,other
test/other/COCO_train2014_000000038891.jpg,other
test/other/COCO_train2014_000000038896.jpg,other
test/other/COCO_train2014_000000038922.jpg,other
test/other/COCO_train2014_000000039000.jpg,other
test/other/COCO_train2014_000000039016.jpg,other
test/other/COCO_train2014_000000039067.jpg,other
test/other/COCO_train2014_000000039171.jpg,other
test/other/COCO_train2014_000000039360.jpg,other
test/other/COCO_train2014_000000039386.jpg,other
test/other/COCO_train2014_000000039447.jpg,other
test/other/COCO_train2014_000000039464.jpg,other
test/other/COCO_train2014_000000039527.jpg,other
test/other/COCO_train2014_000000039528.jpg,other
test/other/COCO_train2014_000000039733.jpg,other
test/other/COCO_train2014_000000039768.jpg,other
test/other/COCO_train2014_000000039888.jpg,other
test/other/COCO_train2014_000000039911.jpg,other
test/other/COCO_train2014_000000039926.jpg,other
test/other/COCO_train2014_000000040056.jpg,other
test/other/COCO_train2014_000000040091.jpg,other
test/other/COCO_train2014_000000040246.jpg,other
test/other/COCO_train2014_000000040335.jpg,other
test/other/COCO_train2014_000000040433.jpg,other
test/other/COCO_train2014_000000040478.jpg,other
test/other/COCO_train2014_000000040625.jpg,other
test/other/COCO_train2014_000000040893.jpg,other
test/other/COCO_train2014_000000040957.jpg,other
test/other/COCO_train2014_000000041014.jpg,other
test/other/COCO_train2014_000000041041.jpg,other
test/other/COCO_train2014_000000041132.jpg,other
test/other/COCO_train2014_000000041146.jpg,other
test/other/COCO_train2014_000000041152.jpg,other
test/other/COCO_train2014_000000041226.jpg,other
test/other/COCO_train2014_000000041284.jpg,other
test/other/COCO_train2014_000000041319.jpg,other
test/other/COCO_train2014_000000041398.jpg,other
test/other/COCO_train2014_000000041547.jpg,other
test/other/COCO_train2014_000000042060.jpg,other
test/other/COCO_train2014_000000042109.jpg,other
test/other/COCO_train2014_000000042196.jpg,other
test/other/COCO_train2014_000000042209.jpg,other
test/other/COCO_train2014_000000042228.jpg,other
test/other/COCO_train2014_000000042481.jpg,other
test/other/COCO_train2014_000000042513.jpg,other
test/other/COCO_train2014_000000042570.jpg,other
test/other/COCO_train2014_000000042658.jpg,other
test/other/COCO_train2014_000000042696.jpg,other
test/other/COCO_train2014_000000042704.jpg,other
test/other/COCO_train2014_000000042735.jpg,other
test/other/COCO_train2014_000000042763.jpg,other
test/other/COCO_train2014_000000042844.jpg,other
test/other/COCO_train2014_000000042871.jpg,other
test/other/COCO_train2014_000000043232.jpg,other
test/other/COCO_train2014_000000043291.jpg,other
test/other/COCO_train2014_000000043511.jpg,other
test/other/COCO_train2014_000000043522.jpg,other
test/other/COCO_train2014_000000043606.jpg,other
test/other/COCO_train2014_000000043683.jpg,other
test/other/COCO_train2014_000000043692.jpg,other
test/other/COCO_train2014_000000043704.jpg,other
test/other/COCO_train2014_000000043742.jpg,other
test/other/COCO_train2014_000000043780.jpg,other
test/other/COCO_train2014_000000044017.jpg,other
test/other/COCO_train2014_000000044079.jpg,other
test/other/COCO_train2014_000000044123.jpg,other
test/other/COCO_train2014_000000044277.jpg,other
test/other/COCO_train2014_000000044500.jpg,other
test/other/COCO_train2014_000000044596.jpg,other
test/other/COCO_train2014_000000044668.jpg,other
test/other/COCO_train2014_000000044719.jpg,other
test/other/COCO_train2014_000000044724.jpg,other
test/other/COCO_train2014_000000044734.jpg,other
test/other/COCO_train2014_000000044776.jpg,other
test/other/COCO_train2014_000000044962.jpg,other
test/other/COCO_train2014_000000045026.jpg,other
test/other/COCO_train2014_000000045374.jpg,other
test/other/COCO_train2014_000000045653.jpg,other
test/other/COCO_train2014_000000045701.jpg,other
test/other/COCO_train2014_000000045829.jpg,other
test/other/COCO_train2014_000000045836.jpg,other
test/other/COCO_train2014_000000045942.jpg,other
test/other/COCO_train2014_000000045949.jpg,other
test/other/COCO_train2014_000000046009.jpg,other
test/other/COCO_train2014_000000046114.jpg,other
test/other/COCO_train2014_000000046265.jpg,other
test/other/COCO_train2014_000000046276.jpg,other
test/other/COCO_train2014_000000046473.jpg,other
test/other/COCO_train2014_000000046720.jpg,other
test/other/COCO_train2014_000000046749.jpg,other
test/other/COCO_train2014_000000047105.jpg,other
test/other/COCO_train2014_000000047198.jpg,other
test/other/COCO_train2014_000000047230.jpg,other
test/other/COCO_train2014_000000047260.jpg,other
test/other/COCO_train2014_000000047333.jpg,other
test/other/COCO_train2014_000000047391.jpg,other
test/other/COCO_train2014_000000047512.jpg,other
test/other/COCO_train2014_000000047638.jpg,other
test/other/COCO_train2014_000000048319.jpg,other
test/other/COCO_train2014_000000048394.jpg,other
test/other/COCO_train2014_000000048428.jpg,other
