test/sexy_selfie/02-military-girl-nude-selfies-in-the.jpg,porn
test/sexy_selfie/0540829587.jpg,porn
test/sexy_selfie/078bfa1aa2b0e10c4558a2d48e121c55.jpg,porn
test/sexy_selfie/0PkoF6Z.jpg,sexy_selfie
test/sexy_selfie/0sexy-blonde-bends-over-for-her-iphon.jpg,porn
test/sexy_selfie/100b56f2c334118290327084f641bf0d90b.jpg,sexy_selfie
test/sexy_selfie/10303_Emily_Ratajkowski_Nude-selfie_.jpg,porn
test/sexy_selfie/10684070_452781728254911_1304415583_n.jpg,sexy_selfie
test/sexy_selfie/10693430_475302089332376_2126039059_n.jpg,sexy_selfie
test/sexy_selfie/10Young-Teen-Topless-Selfie.jpg,porn
test/sexy_selfie/11355999_440148076195965_1760185215_n.jpg,sexy_selfie
test/sexy_selfie/12407622_1174236162589442_1012598977_n.jpg,sexy_selfie
test/sexy_selfie/12407627_899952066788920_190228386_n.jpg,sexy_selfie
test/sexy_selfie/12446072_202765196748809_558461661_n.jpg,sexy_selfie
test/sexy_selfie/12751392_1515052555470195_1840854767_n.jpg,sexy_selfie
test/sexy_selfie/12751396_1026048597466737_1077920104_n.jpg,sexy_selfie
test/sexy_selfie/12751478_1720129411536969_1477987962_n.jpg,porn
test/sexy_selfie/12751572_242568036079840_263841657_n.jpg,sexy_selfie
test/sexy_selfie/12751626_198894887136795_1479940208_n.jpg,bikini
test/sexy_selfie/12783913_519907974853746_842293195_n.jpg,sexy_selfie
test/sexy_selfie/142c2585f2bd1322c0dea29a6f91bdc80.jpg,sexy_selfie
test/sexy_selfie/144846_re_serial-toplessness-pascal-.jpg,sexy_selfie
test/sexy_selfie/1462afbd8ec01b7ec5cd643bf4133b228c.jpg,sexy_selfie
test/sexy_selfie/14Hot-selfie-girl-02.jpg,sexy_selfie
test/sexy_selfie/14sexting-selfie-snap-sex-amateur-self.jpg,porn
test/sexy_selfie/15e6e43bc6bac7625c61a2fd74f00c7d.jpg,porn
test/sexy_selfie/171475f523a7c9bfb19d621f422c5c58.jpg,sexy_selfie
test/sexy_selfie/189591dcb4072de9940b88ecf97485a3ef.jpg,sexy_selfie
test/sexy_selfie/18HCDj9b4.jpg,sexy_selfie
test/sexy_selfie/1F0A3011_533x.jpg,porn
test/sexy_selfie/1JRJYrRQ.jpg,porn
test/sexy_selfie/1VFZQVg.jpg,porn
test/sexy_selfie/2-thumb-624x1107-261943.jpg,other
test/sexy_selfie/2.jpg,porn
test/sexy_selfie/2013-10-19-23-09-17-kimkardashian-on.jpg,sexy_selfie
test/sexy_selfie/201e1fcf424b46cd44dd8a2b21969159.jpg,sexy_selfie
test/sexy_selfie/210_1000.jpg,porn
test/sexy_selfie/218_1000.jpg,porn
test/sexy_selfie/21selfie-sexy20.jpg,sexy_selfie
test/sexy_selfie/23Hot-iPhone-selfie-babes-13.jpg,sexy_selfie
test/sexy_selfie/23e93d058aa58fa03501a1c1daad5f6f.jpg,sexy_selfie
test/sexy_selfie/240x135.9.jpg,porn
test/sexy_selfie/2484257190.jpg,other
test/sexy_selfie/25cfea3c0cf1cbf25f78c9373ae2614f.jpg,sexy_selfie
test/sexy_selfie/27selfie-von-jungem-girl.jpg,sexy_selfie
test/sexy_selfie/27sexy-selfie-fail-bellyrub-1.jpg,sexy_selfie
test/sexy_selfie/28blonde-milf-takes-a-sexy-naked-selfi.jpg,porn
test/sexy_selfie/28nAYqO9S.jpg,porn
test/sexy_selfie/29sex-selfie.jpg,sexy_selfie
test/sexy_selfie/3026583.jpg,porn
test/sexy_selfie/306F960600000578-0-image-m-52_145341.jpg,sexy_selfie
test/sexy_selfie/3197066_iviweg0qi399.jpg,porn
test/sexy_selfie/31u6.jpg,sexy_selfie
test/sexy_selfie/34.jpg,porn
test/sexy_selfie/34norwegian-redhead-gf-naked-03.jpg,porn
test/sexy_selfie/35hY7f3.jpg,sexy_selfie
test/sexy_selfie/35sexyselfie.jpg,sexy_selfie
test/sexy_selfie/363-fitness-sexy-selfie.jpg,sexy_selfie
test/sexy_selfie/37504_besthotgirlspics.com.jpg,sexy_selfie
test/sexy_selfie/38139463_cute-teen-doggy-style-selfie-.jpg,porn
test/sexy_selfie/40gillan-selfie.jpg,sexy_selfie
test/sexy_selfie/41tumblr_mz2oblZCfM1ra8bl1o6_1280.jpg,sexy_selfie
test/sexy_selfie/42Hot-selfie-girl-02.jpg,sexy_selfie
test/sexy_selfie/43selfie-7.png,sexy_selfie
test/sexy_selfie/43sexy-selfie-two-girls.jpg,sexy_selfie
test/sexy_selfie/44hot-naked-selfie.png,porn
test/sexy_selfie/46selfie-slut-1389972307k4ng8.jpg,porn
test/sexy_selfie/487o1jsc-l-610x610-jumpsuit-spaghetti+.jpg,sexy_selfie
test/sexy_selfie/48Sexy-girls-Selfie-Autofotos-9.jpg,sexy_selfie
test/sexy_selfie/491VFZQVg.jpg,porn
test/sexy_selfie/49bb2.jpg,sexy_selfie
test/sexy_selfie/49bbw-boobs-selfie.jpg,porn
test/sexy_selfie/4vvz47g3qyv31.png,porn
test/sexy_selfie/50UselessJunk-com_aZs54xg.jpg,porn
test/sexy_selfie/50alyssa-purrbunny-sexy-selfie.jpg,sexy_selfie
test/sexy_selfie/52SeeMyGF-Selfie-Sexting-Amteur-ExGF-P.jpg,porn
test/sexy_selfie/52amateur-nude-selfie-pics-of-blonde-t.jpg,porn
test/sexy_selfie/53large.jpg,sexy_selfie
test/sexy_selfie/59Hot-babe-Mia-Khalifa-taking-a-selfie.jpg,sexy_selfie
test/sexy_selfie/5a536b54b7b5d1da8e4247778d341c3e.jpg,sexy_selfie
test/sexy_selfie/5amamQk3_400x400.jpg,porn
test/sexy_selfie/5nzhxsugdp621.jpg,porn
test/sexy_selfie/5sexy-selfies-hot-selfshots-amateur-g.jpg,porn
test/sexy_selfie/60sexy-selfie.jpg,sexy_selfie
test/sexy_selfie/63b56f2c334118290327084f641bf0d90b.jpg,sexy_selfie
test/sexy_selfie/6445496dbe27db306ce9d8c41498e8e58e.jpg,sexy_selfie
test/sexy_selfie/66ee91d3637555696997a89927bf18f35a.jpg,sexy_selfie
test/sexy_selfie/674566_re_emily-ratajkowski-strips-d.jpg,sexy_selfie
test/sexy_selfie/68d210691f0669d00a399edb6e984349.jpg,porn
test/sexy_selfie/6ZdcuyD_W11Wz-V33tb5Qo1OU24a9LrhNEmxuGHiz2Y.jpg,porn
test/sexy_selfie/6zhJj6re.jpg,sexy_selfie
test/sexy_selfie/71Joselyn+Cano+Sexy+Bikini+Selfie+Imag.jpg,bikini
test/sexy_selfie/71sexting-selfie-snap-sex-amateur-self.jpg,porn
test/sexy_selfie/71sexy-selfie-fail-bellyrub-1.jpg,sexy_selfie
test/sexy_selfie/72sexy-selfie.jpg,sexy_selfie
test/sexy_selfie/73blonde-bra-selfie.jpg,sexy_selfie
test/sexy_selfie/74brunette-with-glasses-taking-naked-s.jpg,porn
test/sexy_selfie/74sexy-redhead-naked-selfie.jpg,porn
test/sexy_selfie/75Hot-Girl-with-Big-Boobs-Exotic-Selfi.jpg,sexy_selfie
test/sexy_selfie/779841-Topless-happy-teen-taking-a-mir.jpg,porn
test/sexy_selfie/78booty-selfie.jpg,sexy_selfie
test/sexy_selfie/78selfie-thong.jpg,sexy_selfie
test/sexy_selfie/7a5dpiqC_400x400 (1).jpg,porn
test/sexy_selfie/7a5dpiqC_400x400.jpg,sexy_selfie
test/sexy_selfie/7c5c558d7ff199ba52b43337dea35fb3.16.jpg,porn
test/sexy_selfie/7efe42a6d8d5aa611834cbd7dd59d927.15 (1).jpg,porn
test/sexy_selfie/7efe42a6d8d5aa611834cbd7dd59d927.15.jpg,sexy_selfie
test/sexy_selfie/80nude+selfie.jpg,porn
test/sexy_selfie/82perfect-selfie-3c.jpg,sexy_selfie
test/sexy_selfie/8352736c0e8e84eb47a42b1806f982d9e.jpg,sexy_selfie
test/sexy_selfie/85amateur+nude+selfie-03.jpg,porn
test/sexy_selfie/88sexy-french-girl-lingerie-selfie.jpg,sexy_selfie
test/sexy_selfie/89ducklips.jpg,other
test/sexy_selfie/8AjBC8brMJUl.jpg,sexy_selfie
test/sexy_selfie/8CcVTaQ.jpg,porn
test/sexy_selfie/8image2.jpg,porn
test/sexy_selfie/90skinny-teen-selfie.jpg,porn
test/sexy_selfie/925249_526670857512479_1872479632_n.jpg,sexy_selfie
test/sexy_selfie/92Sexy-selfie.jpg,sexy_selfie
test/sexy_selfie/92amateur+teen+selfie+nudes+%237.jpg,sexy_selfie
test/sexy_selfie/92naked-nude-teen-selfies-selfshot-hot.jpg,sexy_selfie
test/sexy_selfie/95galinka-mirgaeva-13.jpg,sexy_selfie
test/sexy_selfie/96139463_cute-teen-doggy-style-selfie-.jpg,porn
test/sexy_selfie/96sexy-selfie-26.jpg,sexy_selfie
test/sexy_selfie/98amazing-teen-sexy-selfie.jpg,sexy_selfie
test/sexy_selfie/9f8e0a7e1a704b82fca35a6a92e07918.jpg,sexy_selfie
test/sexy_selfie/9naked-nude-teen-selfies-selfshot-hot.jpg,porn
test/sexy_selfie/Beckiie-D-Nude-Selfie.jpg,porn
test/sexy_selfie/Cassie-bikini-selfie.jpg,bikini
test/sexy_selfie/Completely-Nude-Selfie.jpg,porn
test/sexy_selfie/E305Nmb.jpg,sexy_selfie
test/sexy_selfie/HQE8oeo.jpg,sexy_selfie
test/sexy_selfie/Landing-Strip-Teen.jpg,porn
test/sexy_selfie/LqRZp4z.jpg,porn
test/sexy_selfie/N10VFZx.jpg,sexy_selfie
test/sexy_selfie/Naked-Selfie-0797705863.jpg,porn
test/sexy_selfie/Nht9GPV.jpg,porn
test/sexy_selfie/Nude-Black-Girl-Takes-A-Selfie.jpg,porn
test/sexy_selfie/O7in35l.jpg,sexy_selfie
test/sexy_selfie/Pierced-Lip-Babe-Nude-Selfie.jpg,porn
test/sexy_selfie/RlEKZTw.jpg,sexy_selfie
test/sexy_selfie/Se1IG.jpg,bikini
test/sexy_selfie/Sexy-blonde-shows-off-her-boobs-in-a.jpg,porn
test/sexy_selfie/UselessJunk-com_253.jpg,porn
test/sexy_selfie/UselessJunk-com_PCMqXuF.jpg,porn
test/sexy_selfie/UselessJunk-com_Teen-self-shot.jpg,porn
test/sexy_selfie/UselessJunk-com_XIJcDOE.jpg,porn
test/sexy_selfie/UselessJunk-com_aZs54xg.jpg,porn
test/sexy_selfie/a0deb2bf4b87fae9fadbdbba5f7d7bc8.jpg,porn
test/sexy_selfie/a229ea71c98e84ba8fbcd4a8866b332b.jpg,other
test/sexy_selfie/aa05981bc5ff35101766ea684209d432.jpg,sexy_selfie
test/sexy_selfie/amateur+teen+selfie+nudes+%231.jpg,porn
test/sexy_selfie/amateur-selfie.jpg,porn
test/sexy_selfie/amateur-woman-milf-on-bed-breasts-ti.jpg,porn
test/sexy_selfie/ariel-rebel-17.jpg,porn
test/sexy_selfie/ariel-rebel-24.jpg,sexy_selfie
test/sexy_selfie/arose3.jpg,sexy_selfie
test/sexy_selfie/article-0-1C3DD5EF00000578-209_634x7.jpg,sexy_selfie
test/sexy_selfie/bb5853ac0f8c226529f1f391e299b208.jpg,sexy_selfie
test/sexy_selfie/big-tits-brunette-showing-off-her-go.jpg,porn
test/sexy_selfie/boobs-selfie-sexy-mrs-santa.jpg,sexy_selfie
test/sexy_selfie/c58af3f63975307122e5fb2b7bff52ee.jpg,other
test/sexy_selfie/cool-boy-selfie.jpg,porn
test/sexy_selfie/cute-blonde-buns-selfie-self-shot-pi.jpg,sexy_selfie
test/sexy_selfie/cute-brunette-taking-selfie-naked.jpg,porn
test/sexy_selfie/cute-selfie-2.jpg,porn
test/sexy_selfie/e5joC8Q.jpg,porn
test/sexy_selfie/eurasienne-bombasse-selfie.jpg,porn
test/sexy_selfie/f910e6c0eb2be69d9322237e02ad768e.jpeg,porn
test/sexy_selfie/fdffc6ecf25db68d6ac4abce7a75d740.jpg,sexy_selfie
test/sexy_selfie/funny-sexy-selfies-pics-21-backgroun.jpg,sexy_selfie
test/sexy_selfie/gay-couple-children7.jpg,sexy_selfie
test/sexy_selfie/girl-bedroom-selfie-nude.jpg,porn
test/sexy_selfie/gym-selfie-249432_w1000.jpg,sexy_selfie
test/sexy_selfie/hot%20amateur%20ginger%20red%20hair%.jpg,sexy_selfie
test/sexy_selfie/hot-asian-girl-selfie.jpg,sexy_selfie
test/sexy_selfie/hot-girl-selfie-1740.jpg,sexy_selfie
test/sexy_selfie/hot-latina-girls-naked-selfie.jpg,porn
test/sexy_selfie/hot-mirror-pics-self-shot-teens-nn11.jpg,sexy_selfie
test/sexy_selfie/hotmirrorpics-com-self-shot-teens-12.jpg,porn
test/sexy_selfie/hotmirrorpics-com-self-shot-teens-99.jpg,porn
test/sexy_selfie/hp_miley_narrow-20130710195815104382.jpg,sexy_selfie
test/sexy_selfie/i_girls_in_tight_dresses_012_504b612.jpg,sexy_selfie
test/sexy_selfie/jennette-mccurdy-sexy-selfie.jpg,sexy_selfie
test/sexy_selfie/jennette-mccurdy-sexy.jpg,sexy_selfie
test/sexy_selfie/katy_perry_topless_selfie.jpg,porn
test/sexy_selfie/korean-online-shopper-sexy-girl-self.png,sexy_selfie
test/sexy_selfie/latina-girl-nude-selfie.jpg,porn
test/sexy_selfie/lusciousnet_sexy_selfie_802578648.jpg,sexy_selfie
test/sexy_selfie/malena-morgan-nude-selfie-1.png,porn
test/sexy_selfie/miss_france_2016_non_stop_people_nat.jpg,sexy_selfie
test/sexy_selfie/myla-sinanaj.jpg,sexy_selfie
test/sexy_selfie/naked-nude-teen-selfies-selfshot-hot.jpg,porn
test/sexy_selfie/nickiminaj-selfie04.jpg,sexy_selfie
test/sexy_selfie/non-nude-teen-girl-selfie-nude.jpg,porn
test/sexy_selfie/non-nude-teen-selfie.jpg,sexy_selfie
test/sexy_selfie/nude-cellphone-selfie-768x1024.jpg,porn
test/sexy_selfie/nude-selfie-210.jpg,porn
test/sexy_selfie/rs_600x600-131014073026-600-rosie-hu.jpg,sexy_selfie
test/sexy_selfie/selfie-Awesome-Pelfie--IMG-.jpg,porn
test/sexy_selfie/selfie-It-s-late.jpg,porn
test/sexy_selfie/selfie-Redhead-in-a-messy-room.jpg,porn
test/sexy_selfie/selfie-Super-hot-selfie.jpg,porn
test/sexy_selfie/selfie-tight-yoga-pants.jpg,sexy_selfie
test/sexy_selfie/selfie_girl.jpg,sexy_selfie
test/sexy_selfie/sexy-halloween-girls-039-10302013.jpg,sexy_selfie
test/sexy_selfie/sexy-selfie-4.jpg,porn
test/sexy_selfie/sexy-selfy-fails-mom-jpg.jpg,sexy_selfie
test/sexy_selfie/sexy_teen_girlfriend_selfie-5-746x1024.jpg,porn
test/sexy_selfie/skinny-teen-takes-naked-selfie.jpg,porn
test/sexy_selfie/teen-naked-selfie-with-fingers-in-pu.jpg,porn
test/sexy_selfie/tumblr_njipdwhgX01shnn9do1_1280.jpg,porn
test/sexy_selfie/ugly-girl-bikini-selfie.jpg,sexy_selfie
test/sexy_selfie/underboob-awesome-026-04042013.jpg,sexy_selfie
test/sexy_selfie/xwyP4NE.jpg,sexy_selfie
